INSERT INTO products (product_id, product_name) VALUES (1, 'Apple');
INSERT INTO products (product_id, product_name) VALUES (2, 'Banana');
INSERT INTO products (product_id, product_name) VALUES (3, 'Cake');
INSERT INTO products (product_id, product_name) VALUES (4, 'DP');
INSERT INTO products (product_id, product_name) VALUES (5, 'Fanta');
INSERT INTO products (product_id, product_name) VALUES (6, 'Grape');

INSERT INTO transactions (transaction_id, transactiondetails_id) VALUES (1, 1);
INSERT INTO transactions (transaction_id, transactiondetails_id) VALUES (1, 2);
INSERT INTO transactions (transaction_id, transactiondetails_id) VALUES (2, 3);
INSERT INTO transactions (transaction_id, transactiondetails_id) VALUES (2, 4);
INSERT INTO transactions (transaction_id, transactiondetails_id) VALUES (2, 5);
INSERT INTO transactions (transaction_id, transactiondetails_id) VALUES (2, 6);
INSERT INTO transactions (transaction_id, transactiondetails_id) VALUES (3, 7);
INSERT INTO transactions (transaction_id, transactiondetails_id) VALUES (3, 8);
INSERT INTO transactions (transaction_id, transactiondetails_id) VALUES (3, 9);
INSERT INTO transactions (transaction_id, transactiondetails_id) VALUES (4, 10);
INSERT INTO transactions (transaction_id, transactiondetails_id) VALUES (4, 11);
INSERT INTO transactions (transaction_id, transactiondetails_id) VALUES (4, 12);
INSERT INTO transactions (transaction_id, transactiondetails_id) VALUES (5, 13);
INSERT INTO transactions (transaction_id, transactiondetails_id) VALUES (6, 14);
INSERT INTO transactions (transaction_id, transactiondetails_id) VALUES (6, 15);
INSERT INTO transactions (transaction_id, transactiondetails_id) VALUES (6, 16);
INSERT INTO transactions (transaction_id, transactiondetails_id) VALUES (6, 17);
INSERT INTO transactions (transaction_id, transactiondetails_id) VALUES (6, 18);

INSERT INTO transactiondetails (transactiondetails_id, product_id) VALUES (1, 2);
INSERT INTO transactiondetails (transactiondetails_id, product_id) VALUES (2, 3);
INSERT INTO transactiondetails (transactiondetails_id, product_id) VALUES (3, 4);
INSERT INTO transactiondetails (transactiondetails_id, product_id) VALUES (4, 5);
INSERT INTO transactiondetails (transactiondetails_id, product_id) VALUES (5, 6);
INSERT INTO transactiondetails (transactiondetails_id, product_id) VALUES (6, 1);
INSERT INTO transactiondetails (transactiondetails_id, product_id) VALUES (7, 3);
INSERT INTO transactiondetails (transactiondetails_id, product_id) VALUES (8, 5);
INSERT INTO transactiondetails (transactiondetails_id, product_id) VALUES (9, 2);
INSERT INTO transactiondetails (transactiondetails_id, product_id) VALUES (10, 4);
INSERT INTO transactiondetails (transactiondetails_id, product_id) VALUES (11, 6);
INSERT INTO transactiondetails (transactiondetails_id, product_id) VALUES (12, 6);
INSERT INTO transactiondetails (transactiondetails_id, product_id) VALUES (13, 1);
INSERT INTO transactiondetails (transactiondetails_id, product_id) VALUES (14, 2);
INSERT INTO transactiondetails (transactiondetails_id, product_id) VALUES (15, 3);
INSERT INTO transactiondetails (transactiondetails_id, product_id) VALUES (16, 4);
INSERT INTO transactiondetails (transactiondetails_id, product_id) VALUES (17, 5);
INSERT INTO transactiondetails (transactiondetails_id, product_id) VALUES (18, 6);
